nam,mon,diem,so_luong
2019,Toán,-0,110
2019,Toán,0.2,1
2019,Toán,0.4,6
2019,Toán,0.6,36
2019,Toán,0.8,74
2019,Toán,1,228
2019,Toán,1.2,552
2019,Toán,1.4,1229
2019,Toán,1.6,2350
2019,Toán,1.8,4121
2019,Toán,2,6566
2019,Toán,2.2,9070
2019,Toán,2.4,11571
2019,Toán,2.6,14142
2019,Toán,2.8,15962
2019,Toán,3,17353
2019,Toán,3.2,18670
2019,Toán,3.4,19437
2019,Toán,3.6,20458
2019,Toán,3.8,21825
2019,Toán,4,23406
2019,Toán,4.2,24686
2019,Toán,4.4,26671
2019,Toán,4.6,28073
2019,Toán,4.8,29786
2019,Toán,5,31386
2019,Toán,5.2,32313
2019,Toán,5.4,33937
2019,Toán,5.6,34687
2019,Toán,5.8,34982
2019,Toán,6,35295
2019,Toán,6.2,35435
2019,Toán,6.4,35794
2019,Toán,6.6,35741
2019,Toán,6.8,35661
2019,Toán,7,35203
2019,Toán,7.2,33853
2019,Toán,7.4,32099
2019,Toán,7.6,29167
2019,Toán,7.8,25762
2019,Toán,8,22002
2019,Toán,8.2,17640
2019,Toán,8.4,13581
2019,Toán,8.6,10243
2019,Toán,8.8,7086
2019,Toán,9,4765
2019,Toán,9.2,2794
2019,Toán,9.4,1565
2019,Toán,9.6,684
2019,Toán,9.8,182
2019,Toán,10,12
2019,Lý,-0,50
2019,Lý,0.25,1
2019,Lý,0.5,7
2019,Lý,0.75,25
2019,Lý,1,117
2019,Lý,1.25,312
2019,Lý,1.5,640
2019,Lý,1.75,1329
2019,Lý,2,2427
2019,Lý,2.25,3557
2019,Lý,2.5,4868
2019,Lý,2.75,6273
2019,Lý,3,7526
2019,Lý,3.25,8596
2019,Lý,3.5,9500
2019,Lý,3.75,10708
2019,Lý,4,11611
2019,Lý,4.25,12538
2019,Lý,4.5,13917
2019,Lý,4.75,15307
2019,Lý,5,16332
2019,Lý,5.25,17434
2019,Lý,5.5,18557
2019,Lý,5.75,19414
2019,Lý,6,19656
2019,Lý,6.25,19839
2019,Lý,6.5,19393
2019,Lý,6.75,18687
2019,Lý,7,17519
2019,Lý,7.25,15238
2019,Lý,7.5,13134
2019,Lý,7.75,10326
2019,Lý,8,7821
2019,Lý,8.25,5425
2019,Lý,8.5,3408
2019,Lý,8.75,2046
2019,Lý,9,966
2019,Lý,9.25,385
2019,Lý,9.5,103
2019,Lý,9.75,17
2019,Lý,10,2
2019,Hóa,-0,57
2019,Hóa,0.25,1
2019,Hóa,0.5,5
2019,Hóa,0.75,35
2019,Hóa,1,146
2019,Hóa,1.25,389
2019,Hóa,1.5,873
2019,Hóa,1.75,1646
2019,Hóa,2,2712
2019,Hóa,2.25,4252
2019,Hóa,2.5,5641
2019,Hóa,2.75,7199
2019,Hóa,3,8600
2019,Hóa,3.25,10144
2019,Hóa,3.5,11717
2019,Hóa,3.75,12870
2019,Hóa,4,13899
2019,Hóa,4.25,15142
2019,Hóa,4.5,15774
2019,Hóa,4.75,16700
2019,Hóa,5,17609
2019,Hóa,5.25,17949
2019,Hóa,5.5,18488
2019,Hóa,5.75,19213
2019,Hóa,6,19765
2019,Hóa,6.25,19563
2019,Hóa,6.5,19234
2019,Hóa,6.75,18110
2019,Hóa,7,15985
2019,Hóa,7.25,13547
2019,Hóa,7.5,10519
2019,Hóa,7.75,7809
2019,Hóa,8,5359
2019,Hóa,8.25,3341
2019,Hóa,8.5,2134
2019,Hóa,8.75,1204
2019,Hóa,9,641
2019,Hóa,9.25,311
2019,Hóa,9.5,150
2019,Hóa,9.75,51
2019,Hóa,10,12
2019,Sinh,-0,53
2019,Sinh,0.25,2
2019,Sinh,0.5,9
2019,Sinh,0.75,17
2019,Sinh,1,70
2019,Sinh,1.25,191
2019,Sinh,1.5,455
2019,Sinh,1.75,946
2019,Sinh,2,1781
2019,Sinh,2.25,2972
2019,Sinh,2.5,4936
2019,Sinh,2.75,7311
2019,Sinh,3,10532
2019,Sinh,3.25,14233
2019,Sinh,3.5,18150
2019,Sinh,3.75,22546
2019,Sinh,4,26171
2019,Sinh,4.25,29056
2019,Sinh,4.5,30279
2019,Sinh,4.75,29624
2019,Sinh,5,27257
2019,Sinh,5.25,23613
2019,Sinh,5.5,19672
2019,Sinh,5.75,15461
2019,Sinh,6,11964
2019,Sinh,6.25,8641
2019,Sinh,6.5,6404
2019,Sinh,6.75,4704
2019,Sinh,7,3483
2019,Sinh,7.25,2850
2019,Sinh,7.5,2316
2019,Sinh,7.75,1893
2019,Sinh,8,1670
2019,Sinh,8.25,1333
2019,Sinh,8.5,1073
2019,Sinh,8.75,806
2019,Sinh,9,574
2019,Sinh,9.25,406
2019,Sinh,9.5,256
2019,Sinh,9.75,134
2019,Sinh,10,39
2019,Văn,-0,188
2019,Văn,0.25,106
2019,Văn,0.5,443
2019,Văn,0.75,369
2019,Văn,1,340
2019,Văn,1.25,2103
2019,Văn,1.5,2371
2019,Văn,1.75,2730
2019,Văn,2,4715
2019,Văn,2.25,5174
2019,Văn,2.5,7978
2019,Văn,2.75,8711
2019,Văn,3,13862
2019,Văn,3.25,13601
2019,Văn,3.5,20060
2019,Văn,3.75,20241
2019,Văn,4,31309
2019,Văn,4.25,29363
2019,Văn,4.5,42762
2019,Văn,4.75,37860
2019,Văn,5,71173
2019,Văn,5.25,55982
2019,Văn,5.5,73520
2019,Văn,5.75,61966
2019,Văn,6,78625
2019,Văn,6.25,56000
2019,Văn,6.5,60644
2019,Văn,6.75,40316
2019,Văn,7,44173
2019,Văn,7.25,25555
2019,Văn,7.5,23524
2019,Văn,7.75,12899
2019,Văn,8,10958
2019,Văn,8.25,4339
2019,Văn,8.5,2805
2019,Văn,8.75,898
2019,Văn,9,390
2019,Văn,9.25,55
2019,Văn,9.5,17
2019,Văn,9.75,0
2019,Văn,10,0
2019,Địa,-0,230
2019,Địa,0.25,1
2019,Địa,0.5,4
2019,Địa,0.75,11
2019,Địa,1,31
2019,Địa,1.25,57
2019,Địa,1.5,151
2019,Địa,1.75,297
2019,Địa,2,530
2019,Địa,2.25,860
2019,Địa,2.5,1313
2019,Địa,2.75,2054
2019,Địa,3,2918
2019,Địa,3.25,4207
2019,Địa,3.5,5825
2019,Địa,3.75,8104
2019,Địa,4,11006
2019,Địa,4.25,14818
2019,Địa,4.5,19688
2019,Địa,4.75,24839
2019,Địa,5,30708
2019,Địa,5.25,36660
2019,Địa,5.5,41638
2019,Địa,5.75,45372
2019,Địa,6,46866
2019,Địa,6.25,46573
2019,Địa,6.5,44722
2019,Địa,6.75,40178
2019,Địa,7,34828
2019,Địa,7.25,28461
2019,Địa,7.5,22072
2019,Địa,7.75,16550
2019,Địa,8,11601
2019,Địa,8.25,7744
2019,Địa,8.5,5046
2019,Địa,8.75,3106
2019,Địa,9,1835
2019,Địa,9.25,1051
2019,Địa,9.5,554
2019,Địa,9.75,236
2019,Địa,10,42
2019,Sử,-0,166
2019,Sử,0.25,3
2019,Sử,0.5,17
2019,Sử,0.75,84
2019,Sử,1,291
2019,Sử,1.25,829
2019,Sử,1.5,2237
2019,Sử,1.75,4954
2019,Sử,2,9237
2019,Sử,2.25,15041
2019,Sử,2.5,21556
2019,Sử,2.75,29185
2019,Sử,3,35663
2019,Sử,3.25,39871
2019,Sử,3.5,42739
2019,Sử,3.75,43449
2019,Sử,4,43209
2019,Sử,4.25,40417
2019,Sử,4.5,37001
2019,Sử,4.75,33233
2019,Sử,5,29412
2019,Sử,5.25,25127
2019,Sử,5.5,21162
2019,Sử,5.75,17772
2019,Sử,6,14743
2019,Sử,6.25,12077
2019,Sử,6.5,9717
2019,Sử,6.75,8172
2019,Sử,7,6599
2019,Sử,7.25,5424
2019,Sử,7.5,4488
2019,Sử,7.75,3724
2019,Sử,8,3154
2019,Sử,8.25,2553
2019,Sử,8.5,2129
2019,Sử,8.75,1598
2019,Sử,9,1239
2019,Sử,9.25,928
2019,Sử,9.5,545
2019,Sử,9.75,246
2019,Sử,10,80
2019,GDCD,-0,101
2019,GDCD,0.25,1
2019,GDCD,0.5,3
2019,GDCD,0.75,3
2019,GDCD,1,4
2019,GDCD,1.25,14
2019,GDCD,1.5,19
2019,GDCD,1.75,61
2019,GDCD,2,101
2019,GDCD,2.25,160
2019,GDCD,2.5,254
2019,GDCD,2.75,368
2019,GDCD,3,566
2019,GDCD,3.25,794
2019,GDCD,3.5,1188
2019,GDCD,3.75,1689
2019,GDCD,4,2148
2019,GDCD,4.25,2968
2019,GDCD,4.5,4110
2019,GDCD,4.75,5117
2019,GDCD,5,6650
2019,GDCD,5.25,8842
2019,GDCD,5.5,11487
2019,GDCD,5.75,14049
2019,GDCD,6,17663
2019,GDCD,6.25,21337
2019,GDCD,6.5,25555
2019,GDCD,6.75,29375
2019,GDCD,7,33714
2019,GDCD,7.25,36665
2019,GDCD,7.5,39220
2019,GDCD,7.75,40139
2019,GDCD,8,39467
2019,GDCD,8.25,37641
2019,GDCD,8.5,34113
2019,GDCD,8.75,28791
2019,GDCD,9,22667
2019,GDCD,9.25,14895
2019,GDCD,9.5,8206
2019,GDCD,9.75,3258
2019,GDCD,10,784
2019,Ngoại Ngữ,-0,116
2019,Ngoại Ngữ,0.2,0
2019,Ngoại Ngữ,0.4,5
2019,Ngoại Ngữ,0.6,33
2019,Ngoại Ngữ,0.8,125
2019,Ngoại Ngữ,1,470
2019,Ngoại Ngữ,1.2,1329
2019,Ngoại Ngữ,1.4,2868
2019,Ngoại Ngữ,1.6,5960
2019,Ngoại Ngữ,1.8,10329
2019,Ngoại Ngữ,2,16748
2019,Ngoại Ngữ,2.2,23718
2019,Ngoại Ngữ,2.4,31528
2019,Ngoại Ngữ,2.6,37653
2019,Ngoại Ngữ,2.8,42390
2019,Ngoại Ngữ,3,45361
2019,Ngoại Ngữ,3.2,45819
2019,Ngoại Ngữ,3.4,44550
2019,Ngoại Ngữ,3.6,41920
2019,Ngoại Ngữ,3.8,39613
2019,Ngoại Ngữ,4,36439
2019,Ngoại Ngữ,4.2,33476
2019,Ngoại Ngữ,4.4,30661
2019,Ngoại Ngữ,4.6,27517
2019,Ngoại Ngữ,4.8,25037
2019,Ngoại Ngữ,5,22695
2019,Ngoại Ngữ,5.2,21063
2019,Ngoại Ngữ,5.4,18756
2019,Ngoại Ngữ,5.6,17363
2019,Ngoại Ngữ,5.8,15547
2019,Ngoại Ngữ,6,14352
2019,Ngoại Ngữ,6.2,13224
2019,Ngoại Ngữ,6.4,12240
2019,Ngoại Ngữ,6.6,11404
2019,Ngoại Ngữ,6.8,10469
2019,Ngoại Ngữ,7,9916
2019,Ngoại Ngữ,7.2,9342
2019,Ngoại Ngữ,7.4,8631
2019,Ngoại Ngữ,7.6,8079
2019,Ngoại Ngữ,7.8,7694
2019,Ngoại Ngữ,8,7191
2019,Ngoại Ngữ,8.2,7053
2019,Ngoại Ngữ,8.4,6498
2019,Ngoại Ngữ,8.6,6143
2019,Ngoại Ngữ,8.8,5472
2019,Ngoại Ngữ,9,4958
2019,Ngoại Ngữ,9.2,4047
2019,Ngoại Ngữ,9.4,3233
2019,Ngoại Ngữ,9.6,2068
2019,Ngoại Ngữ,9.8,1011
2019,Ngoại Ngữ,10,314
2020,Toán,-0,7
2020,Toán,0.2,1
2020,Toán,0.4,3
2020,Toán,0.6,9
2020,Toán,0.8,47
2020,Toán,1,142
2020,Toán,1.2,316
2020,Toán,1.4,708
2020,Toán,1.6,1299
2020,Toán,1.8,2334
2020,Toán,2,3292
2020,Toán,2.2,4718
2020,Toán,2.4,6067
2020,Toán,2.6,7295
2020,Toán,2.8,8338
2020,Toán,3,9060
2020,Toán,3.2,9897
2020,Toán,3.4,10288
2020,Toán,3.6,11429
2020,Toán,3.8,12128
2020,Toán,4,13170
2020,Toán,4.2,14033
2020,Toán,4.4,15357
2020,Toán,4.6,16500
2020,Toán,4.8,17881
2020,Toán,5,19353
2020,Toán,5.2,20789
2020,Toán,5.4,22177
2020,Toán,5.6,23693
2020,Toán,5.8,24876
2020,Toán,6,26404
2020,Toán,6.2,27869
2020,Toán,6.4,29652
2020,Toán,6.6,31598
2020,Toán,6.8,33695
2020,Toán,7,36061
2020,Toán,7.2,38682
2020,Toán,7.4,41694
2020,Toán,7.6,43149
2020,Toán,7.8,44104
2020,Toán,8,43963
2020,Toán,8.2,42483
2020,Toán,8.4,40357
2020,Toán,8.6,37444
2020,Toán,8.8,34398
2020,Toán,9,28428
2020,Toán,9.2,20332
2020,Toán,9.4,11613
2020,Toán,9.6,4935
2020,Toán,9.8,1672
2020,Toán,10,299
2020,Lý,-0,8
2020,Lý,0.25,0
2020,Lý,0.5,2
2020,Lý,0.75,11
2020,Lý,1,22
2020,Lý,1.25,74
2020,Lý,1.5,178
2020,Lý,1.75,312
2020,Lý,2,531
2020,Lý,2.25,886
2020,Lý,2.5,1249
2020,Lý,2.75,1702
2020,Lý,3,2325
2020,Lý,3.25,2789
2020,Lý,3.5,3388
2020,Lý,3.75,3853
2020,Lý,4,4699
2020,Lý,4.25,5279
2020,Lý,4.5,6095
2020,Lý,4.75,6914
2020,Lý,5,7870
2020,Lý,5.25,8944
2020,Lý,5.5,10035
2020,Lý,5.75,11363
2020,Lý,6,12914
2020,Lý,6.25,14370
2020,Lý,6.5,16064
2020,Lý,6.75,17969
2020,Lý,7,20304
2020,Lý,7.25,22464
2020,Lý,7.5,24144
2020,Lý,7.75,24397
2020,Lý,8,22716
2020,Lý,8.25,19287
2020,Lý,8.5,14148
2020,Lý,8.75,8780
2020,Lý,9,4861
2020,Lý,9.25,1975
2020,Lý,9.5,575
2020,Lý,9.75,147
2020,Lý,10,13
2020,Hóa,-0,13
2020,Hóa,0.25,1
2020,Hóa,0.5,2
2020,Hóa,0.75,5
2020,Hóa,1,19
2020,Hóa,1.25,44
2020,Hóa,1.5,101
2020,Hóa,1.75,218
2020,Hóa,2,403
2020,Hóa,2.25,665
2020,Hóa,2.5,1021
2020,Hóa,2.75,1542
2020,Hóa,3,2246
2020,Hóa,3.25,2989
2020,Hóa,3.5,3907
2020,Hóa,3.75,4928
2020,Hóa,4,5952
2020,Hóa,4.25,6945
2020,Hóa,4.5,7807
2020,Hóa,4.75,8773
2020,Hóa,5,9617
2020,Hóa,5.25,10191
2020,Hóa,5.5,10899
2020,Hóa,5.75,11673
2020,Hóa,6,12022
2020,Hóa,6.25,12931
2020,Hóa,6.5,13942
2020,Hóa,6.75,15250
2020,Hóa,7,16692
2020,Hóa,7.25,18597
2020,Hóa,7.5,20932
2020,Hóa,7.75,22106
2020,Hóa,8,21885
2020,Hóa,8.25,19286
2020,Hóa,8.5,15502
2020,Hóa,8.75,11251
2020,Hóa,9,7318
2020,Hóa,9.25,4346
2020,Hóa,9.5,2291
2020,Hóa,9.75,1181
2020,Hóa,10,440
2020,Sinh,-0,23
2020,Sinh,0.25,2
2020,Sinh,0.5,3
2020,Sinh,0.75,3
2020,Sinh,1,14
2020,Sinh,1.25,42
2020,Sinh,1.5,101
2020,Sinh,1.75,224
2020,Sinh,2,396
2020,Sinh,2.25,719
2020,Sinh,2.5,1268
2020,Sinh,2.75,2110
2020,Sinh,3,3239
2020,Sinh,3.25,4723
2020,Sinh,3.5,6490
2020,Sinh,3.75,9027
2020,Sinh,4,11732
2020,Sinh,4.25,14382
2020,Sinh,4.5,16922
2020,Sinh,4.75,19361
2020,Sinh,5,21567
2020,Sinh,5.25,22719
2020,Sinh,5.5,22639
2020,Sinh,5.75,22184
2020,Sinh,6,21173
2020,Sinh,6.25,19139
2020,Sinh,6.5,16614
2020,Sinh,6.75,14223
2020,Sinh,7,11336
2020,Sinh,7.25,9139
2020,Sinh,7.5,6966
2020,Sinh,7.75,5231
2020,Sinh,8,4224
2020,Sinh,8.25,3347
2020,Sinh,8.5,2719
2020,Sinh,8.75,2195
2020,Sinh,9,1767
2020,Sinh,9.25,1281
2020,Sinh,9.5,767
2020,Sinh,9.75,387
2020,Sinh,10,146
2020,Văn,-0,33
2020,Văn,0.25,14
2020,Văn,0.5,25
2020,Văn,0.75,44
2020,Văn,1,25
2020,Văn,1.25,145
2020,Văn,1.5,207
2020,Văn,1.75,270
2020,Văn,2,558
2020,Văn,2.25,813
2020,Văn,2.5,1323
2020,Văn,2.75,1893
2020,Văn,3,3322
2020,Văn,3.25,4032
2020,Văn,3.5,6404
2020,Văn,3.75,7672
2020,Văn,4,11765
2020,Văn,4.25,12007
2020,Văn,4.5,16330
2020,Văn,4.75,15480
2020,Văn,5,27632
2020,Văn,5.25,26077
2020,Văn,5.5,39152
2020,Văn,5.75,41220
2020,Văn,6,61304
2020,Văn,6.25,58203
2020,Văn,6.5,77392
2020,Văn,6.75,69572
2020,Văn,7,84764
2020,Văn,7.25,62930
2020,Văn,7.5,70143
2020,Văn,7.75,50707
2020,Văn,8,51374
2020,Văn,8.25,29701
2020,Văn,8.5,25903
2020,Văn,8.75,13331
2020,Văn,9,7669
2020,Văn,9.25,2048
2020,Văn,9.5,674
2020,Văn,9.75,49
2020,Văn,10,2
2020,Địa,-0,132
2020,Địa,0.25,4
2020,Địa,0.5,2
2020,Địa,0.75,8
2020,Địa,1,11
2020,Địa,1.25,27
2020,Địa,1.5,54
2020,Địa,1.75,116
2020,Địa,2,207
2020,Địa,2.25,321
2020,Địa,2.5,534
2020,Địa,2.75,832
2020,Địa,3,1161
2020,Địa,3.25,1562
2020,Địa,3.5,2080
2020,Địa,3.75,2895
2020,Địa,4,3772
2020,Địa,4.25,5239
2020,Địa,4.5,7314
2020,Địa,4.75,9847
2020,Địa,5,13213
2020,Địa,5.25,17113
2020,Địa,5.5,21998
2020,Địa,5.75,27651
2020,Địa,6,33474
2020,Địa,6.25,39615
2020,Địa,6.5,45152
2020,Địa,6.75,49244
2020,Địa,7,51687
2020,Địa,7.25,52026
2020,Địa,7.5,48350
2020,Địa,7.75,42016
2020,Địa,8,33221
2020,Địa,8.25,24069
2020,Địa,8.5,15777
2020,Địa,8.75,9341
2020,Địa,9,5273
2020,Địa,9.25,2799
2020,Địa,9.5,1547
2020,Địa,9.75,778
2020,Địa,10,254
2020,Sử,-0,18
2020,Sử,0.25,1
2020,Sử,0.5,6
2020,Sử,0.75,29
2020,Sử,1,79
2020,Sử,1.25,282
2020,Sử,1.5,658
2020,Sử,1.75,1375
2020,Sử,2,2637
2020,Sử,2.25,4772
2020,Sử,2.5,7841
2020,Sử,2.75,11893
2020,Sử,3,16722
2020,Sử,3.25,21855
2020,Sử,3.5,26974
2020,Sử,3.75,31760
2020,Sử,4,35534
2020,Sử,4.25,37424
2020,Sử,4.5,38638
2020,Sử,4.75,38069
2020,Sử,5,36556
2020,Sử,5.25,34436
2020,Sử,5.5,31820
2020,Sử,5.75,28815
2020,Sử,6,25968
2020,Sử,6.25,22866
2020,Sử,6.5,20288
2020,Sử,6.75,17563
2020,Sử,7,15169
2020,Sử,7.25,13098
2020,Sử,7.5,11314
2020,Sử,7.75,9660
2020,Sử,8,8616
2020,Sử,8.25,7279
2020,Sử,8.5,6372
2020,Sử,8.75,5702
2020,Sử,9,4861
2020,Sử,9.25,3781
2020,Sử,9.5,2393
2020,Sử,9.75,1177
2020,Sử,10,388
2020,GDCD,-0,43
2020,GDCD,0.25,0
2020,GDCD,0.5,0
2020,GDCD,0.75,2
2020,GDCD,1,4
2020,GDCD,1.25,9
2020,GDCD,1.5,14
2020,GDCD,1.75,24
2020,GDCD,2,40
2020,GDCD,2.25,58
2020,GDCD,2.5,98
2020,GDCD,2.75,109
2020,GDCD,3,148
2020,GDCD,3.25,206
2020,GDCD,3.5,319
2020,GDCD,3.75,424
2020,GDCD,4,607
2020,GDCD,4.25,817
2020,GDCD,4.5,1124
2020,GDCD,4.75,1636
2020,GDCD,5,2165
2020,GDCD,5.25,2892
2020,GDCD,5.5,3870
2020,GDCD,5.75,4981
2020,GDCD,6,6690
2020,GDCD,6.25,8715
2020,GDCD,6.5,11432
2020,GDCD,6.75,14688
2020,GDCD,7,18967
2020,GDCD,7.25,24297
2020,GDCD,7.5,30307
2020,GDCD,7.75,36600
2020,GDCD,8,42687
2020,GDCD,8.25,48500
2020,GDCD,8.5,51927
2020,GDCD,8.75,52171
2020,GDCD,9,47705
2020,GDCD,9.25,38985
2020,GDCD,9.5,26611
2020,GDCD,9.75,13986
2020,GDCD,10,4395
2020,Ngoại Ngữ,-0,18
2020,Ngoại Ngữ,0.2,1
2020,Ngoại Ngữ,0.4,5
2020,Ngoại Ngữ,0.6,31
2020,Ngoại Ngữ,0.8,110
2020,Ngoại Ngữ,1,414
2020,Ngoại Ngữ,1.2,1181
2020,Ngoại Ngữ,1.4,2417
2020,Ngoại Ngữ,1.6,4734
2020,Ngoại Ngữ,1.8,8869
2020,Ngoại Ngữ,2,13346
2020,Ngoại Ngữ,2.2,19807
2020,Ngoại Ngữ,2.4,26240
2020,Ngoại Ngữ,2.6,30916
2020,Ngoại Ngữ,2.8,35410
2020,Ngoại Ngữ,3,38068
2020,Ngoại Ngữ,3.2,39682
2020,Ngoại Ngữ,3.4,39675
2020,Ngoại Ngữ,3.6,38984
2020,Ngoại Ngữ,3.8,37705
2020,Ngoại Ngữ,4,36514
2020,Ngoại Ngữ,4.2,34459
2020,Ngoại Ngữ,4.4,32985
2020,Ngoại Ngữ,4.6,31225
2020,Ngoại Ngữ,4.8,29256
2020,Ngoại Ngữ,5,27484
2020,Ngoại Ngữ,5.2,25184
2020,Ngoại Ngữ,5.4,23268
2020,Ngoại Ngữ,5.6,20975
2020,Ngoại Ngữ,5.8,19198
2020,Ngoại Ngữ,6,17428
2020,Ngoại Ngữ,6.2,15764
2020,Ngoại Ngữ,6.4,14558
2020,Ngoại Ngữ,6.6,13239
2020,Ngoại Ngữ,6.8,12201
2020,Ngoại Ngữ,7,11322
2020,Ngoại Ngữ,7.2,10752
2020,Ngoại Ngữ,7.4,10086
2020,Ngoại Ngữ,7.6,10005
2020,Ngoại Ngữ,7.8,9385
2020,Ngoại Ngữ,8,9115
2020,Ngoại Ngữ,8.2,8594
2020,Ngoại Ngữ,8.4,8039
2020,Ngoại Ngữ,8.6,7145
2020,Ngoại Ngữ,8.8,6159
2020,Ngoại Ngữ,9,4945
2020,Ngoại Ngữ,9.2,3743
2020,Ngoại Ngữ,9.4,2608
2020,Ngoại Ngữ,9.6,1638
2020,Ngoại Ngữ,9.8,898
2020,Ngoại Ngữ,10,344
2021,Toán,-0,1
2021,Toán,0.2,0
2021,Toán,0.4,0
2021,Toán,0.6,11
2021,Toán,0.8,22
2021,Toán,1,86
2021,Toán,1.2,199
2021,Toán,1.4,470
2021,Toán,1.6,863
2021,Toán,1.8,1502
2021,Toán,2,2405
2021,Toán,2.2,3414
2021,Toán,2.4,4664
2021,Toán,2.6,5988
2021,Toán,2.8,6984
2021,Toán,3,8227
2021,Toán,3.2,9544
2021,Toán,3.4,10765
2021,Toán,3.6,12069
2021,Toán,3.8,13561
2021,Toán,4,15108
2021,Toán,4.2,16668
2021,Toán,4.4,18084
2021,Toán,4.6,19764
2021,Toán,4.8,21921
2021,Toán,5,23506
2021,Toán,5.2,25167
2021,Toán,5.4,26950
2021,Toán,5.6,28299
2021,Toán,5.8,29994
2021,Toán,6,31478
2021,Toán,6.2,33170
2021,Toán,6.4,35300
2021,Toán,6.6,37597
2021,Toán,6.8,40395
2021,Toán,7,43953
2021,Toán,7.2,46912
2021,Toán,7.4,51115
2021,Toán,7.6,53602
2021,Toán,7.8,54702
2021,Toán,8,53861
2021,Toán,8.2,50639
2021,Toán,8.4,45518
2021,Toán,8.6,38485
2021,Toán,8.8,29958
2021,Toán,9,20392
2021,Toán,9.2,11294
2021,Toán,9.4,5153
2021,Toán,9.6,1708
2021,Toán,9.8,379
2021,Toán,10,59
2021,Lý,-0,5
2021,Lý,0.25,2
2021,Lý,0.5,1
2021,Lý,0.75,3
2021,Lý,1,14
2021,Lý,1.25,37
2021,Lý,1.5,76
2021,Lý,1.75,165
2021,Lý,2,279
2021,Lý,2.25,500
2021,Lý,2.5,826
2021,Lý,2.75,1236
2021,Lý,3,1666
2021,Lý,3.25,2334
2021,Lý,3.5,3216
2021,Lý,3.75,4307
2021,Lý,4,5518
2021,Lý,4.25,6918
2021,Lý,4.5,8448
2021,Lý,4.75,9987
2021,Lý,5,11791
2021,Lý,5.25,13291
2021,Lý,5.5,14880
2021,Lý,5.75,16790
2021,Lý,6,18191
2021,Lý,6.25,19848
2021,Lý,6.5,21441
2021,Lý,6.75,22868
2021,Lý,7,24252
2021,Lý,7.25,25543
2021,Lý,7.5,25867
2021,Lý,7.75,25198
2021,Lý,8,22542
2021,Lý,8.25,18289
2021,Lý,8.5,11898
2021,Lý,8.75,6992
2021,Lý,9,3238
2021,Lý,9.25,1263
2021,Lý,9.5,373
2021,Lý,9.75,87
2021,Lý,10,15
2021,Hóa,-0,10
2021,Hóa,0.25,1
2021,Hóa,0.5,1
2021,Hóa,0.75,20
2021,Hóa,1,26
2021,Hóa,1.25,90
2021,Hóa,1.5,153
2021,Hóa,1.75,334
2021,Hóa,2,612
2021,Hóa,2.25,987
2021,Hóa,2.5,1523
2021,Hóa,2.75,2231
2021,Hóa,3,2966
2021,Hóa,3.25,3889
2021,Hóa,3.5,4753
2021,Hóa,3.75,5926
2021,Hóa,4,6791
2021,Hóa,4.25,8011
2021,Hóa,4.5,8865
2021,Hóa,4.75,9854
2021,Hóa,5,10655
2021,Hóa,5.25,11499
2021,Hóa,5.5,12280
2021,Hóa,5.75,13377
2021,Hóa,6,13950
2021,Hóa,6.25,15042
2021,Hóa,6.5,16234
2021,Hóa,6.75,17848
2021,Hóa,7,20144
2021,Hóa,7.25,22830
2021,Hóa,7.5,26064
2021,Hóa,7.75,27492
2021,Hóa,8,26334
2021,Hóa,8.25,22659
2021,Hóa,8.5,16535
2021,Hóa,8.75,10679
2021,Hóa,9,6039
2021,Hóa,9.25,3075
2021,Hóa,9.5,1420
2021,Hóa,9.75,500
2021,Hóa,10,151
2021,Sinh,-0,26
2021,Sinh,0.25,1
2021,Sinh,0.5,1
2021,Sinh,0.75,11
2021,Sinh,1,37
2021,Sinh,1.25,109
2021,Sinh,1.5,176
2021,Sinh,1.75,364
2021,Sinh,2,624
2021,Sinh,2.25,1302
2021,Sinh,2.5,1931
2021,Sinh,2.75,3020
2021,Sinh,3,4472
2021,Sinh,3.25,6488
2021,Sinh,3.5,8922
2021,Sinh,3.75,12317
2021,Sinh,4,15464
2021,Sinh,4.25,18441
2021,Sinh,4.5,21681
2021,Sinh,4.75,23788
2021,Sinh,5,25294
2021,Sinh,5.25,25470
2021,Sinh,5.5,24916
2021,Sinh,5.75,23044
2021,Sinh,6,21203
2021,Sinh,6.25,18681
2021,Sinh,6.5,16257
2021,Sinh,6.75,13780
2021,Sinh,7,11632
2021,Sinh,7.25,9621
2021,Sinh,7.5,7996
2021,Sinh,7.75,6613
2021,Sinh,8,5277
2021,Sinh,8.25,4203
2021,Sinh,8.5,3423
2021,Sinh,8.75,2758
2021,Sinh,9,2173
2021,Sinh,9.25,1745
2021,Sinh,9.5,1419
2021,Sinh,9.75,1089
2021,Sinh,10,590
2021,Văn,-0,26
2021,Văn,0.25,10
2021,Văn,0.5,46
2021,Văn,0.75,68
2021,Văn,1,24
2021,Văn,1.25,566
2021,Văn,1.5,821
2021,Văn,1.75,989
2021,Văn,2,1680
2021,Văn,2.25,1906
2021,Văn,2.5,3034
2021,Văn,2.75,3587
2021,Văn,3,5530
2021,Văn,3.25,6370
2021,Văn,3.5,9370
2021,Văn,3.75,11178
2021,Văn,4,15853
2021,Văn,4.25,16150
2021,Văn,4.5,21501
2021,Văn,4.75,19991
2021,Văn,5,37080
2021,Văn,5.25,34675
2021,Văn,5.5,47780
2021,Văn,5.75,50242
2021,Văn,6,68822
2021,Văn,6.25,64914
2021,Văn,6.5,80447
2021,Văn,6.75,71415
2021,Văn,7,82283
2021,Văn,7.25,63144
2021,Văn,7.5,68553
2021,Văn,7.75,52444
2021,Văn,8,52803
2021,Văn,8.25,33654
2021,Văn,8.5,29518
2021,Văn,8.75,17233
2021,Văn,9,10955
2021,Văn,9.25,3291
2021,Văn,9.5,1013
2021,Văn,9.75,71
2021,Văn,10,3
2021,Địa,-0,96
2021,Địa,0.25,1
2021,Địa,0.5,3
2021,Địa,0.75,9
2021,Địa,1,12
2021,Địa,1.25,26
2021,Địa,1.5,42
2021,Địa,1.75,73
2021,Địa,2,144
2021,Địa,2.25,255
2021,Địa,2.5,393
2021,Địa,2.75,592
2021,Địa,3,811
2021,Địa,3.25,1146
2021,Địa,3.5,1633
2021,Địa,3.75,2149
2021,Địa,4,3022
2021,Địa,4.25,4260
2021,Địa,4.5,6196
2021,Địa,4.75,8659
2021,Địa,5,11911
2021,Địa,5.25,16443
2021,Địa,5.5,21761
2021,Địa,5.75,28258
2021,Địa,6,35326
2021,Địa,6.25,41975
2021,Địa,6.5,47756
2021,Địa,6.75,53340
2021,Địa,7,55742
2021,Địa,7.25,55637
2021,Địa,7.5,52839
2021,Địa,7.75,46939
2021,Địa,8,40293
2021,Địa,8.25,32825
2021,Địa,8.5,24830
2021,Địa,8.75,18029
2021,Địa,9,12039
2021,Địa,9.25,7234
2021,Địa,9.5,3910
2021,Địa,9.75,1501
2021,Địa,10,230
2021,Sử,-0,4
2021,Sử,0.25,7
2021,Sử,0.5,24
2021,Sử,0.75,125
2021,Sử,1,384
2021,Sử,1.25,970
2021,Sử,1.5,2370
2021,Sử,1.75,4462
2021,Sử,2,8171
2021,Sử,2.25,12860
2021,Sử,2.5,18076
2021,Sử,2.75,23400
2021,Sử,3,28601
2021,Sử,3.25,31360
2021,Sử,3.5,33706
2021,Sử,3.75,34478
2021,Sử,4,34810
2021,Sử,4.25,34753
2021,Sử,4.5,33605
2021,Sử,4.75,32434
2021,Sử,5,31223
2021,Sử,5.25,29911
2021,Sử,5.5,28113
2021,Sử,5.75,26791
2021,Sử,6,24728
2021,Sử,6.25,23238
2021,Sử,6.5,21158
2021,Sử,6.75,19386
2021,Sử,7,17470
2021,Sử,7.25,15475
2021,Sử,7.5,14010
2021,Sử,7.75,12445
2021,Sử,8,10541
2021,Sử,8.25,9191
2021,Sử,8.5,7726
2021,Sử,8.75,6387
2021,Sử,9,5018
2021,Sử,9.25,3509
2021,Sử,9.5,2089
2021,Sử,9.75,975
2021,Sử,10,282
2021,GDCD,-0,24
2021,GDCD,0.25,0
2021,GDCD,0.5,1
2021,GDCD,0.75,2
2021,GDCD,1,2
2021,GDCD,1.25,4
2021,GDCD,1.5,12
2021,GDCD,1.75,10
2021,GDCD,2,19
2021,GDCD,2.25,45
2021,GDCD,2.5,57
2021,GDCD,2.75,93
2021,GDCD,3,114
2021,GDCD,3.25,171
2021,GDCD,3.5,307
2021,GDCD,3.75,377
2021,GDCD,4,582
2021,GDCD,4.25,826
2021,GDCD,4.5,1121
2021,GDCD,4.75,1589
2021,GDCD,5,2090
2021,GDCD,5.25,2743
2021,GDCD,5.5,3795
2021,GDCD,5.75,5005
2021,GDCD,6,6538
2021,GDCD,6.25,8581
2021,GDCD,6.5,11186
2021,GDCD,6.75,13842
2021,GDCD,7,17467
2021,GDCD,7.25,21206
2021,GDCD,7.5,25724
2021,GDCD,7.75,30331
2021,GDCD,8,35443
2021,GDCD,8.25,40310
2021,GDCD,8.5,44833
2021,GDCD,8.75,49694
2021,GDCD,9,52233
2021,GDCD,9.25,53505
2021,GDCD,9.5,50896
2021,GDCD,9.75,40555
2021,GDCD,10,18840
2021,Ngoại Ngữ,-0,2
2021,Ngoại Ngữ,0.2,0
2021,Ngoại Ngữ,0.4,0
2021,Ngoại Ngữ,0.6,3
2021,Ngoại Ngữ,0.8,34
2021,Ngoại Ngữ,1,107
2021,Ngoại Ngữ,1.2,367
2021,Ngoại Ngữ,1.4,721
2021,Ngoại Ngữ,1.6,1635
2021,Ngoại Ngữ,1.8,3336
2021,Ngoại Ngữ,2,5920
2021,Ngoại Ngữ,2.2,8827
2021,Ngoại Ngữ,2.4,12415
2021,Ngoại Ngữ,2.6,16680
2021,Ngoại Ngữ,2.8,20694
2021,Ngoại Ngữ,3,24215
2021,Ngoại Ngữ,3.2,26779
2021,Ngoại Ngữ,3.4,28806
2021,Ngoại Ngữ,3.6,29471
2021,Ngoại Ngữ,3.8,29798
2021,Ngoại Ngữ,4,29856
2021,Ngoại Ngữ,4.2,29320
2021,Ngoại Ngữ,4.4,28707
2021,Ngoại Ngữ,4.6,28197
2021,Ngoại Ngữ,4.8,27287
2021,Ngoại Ngữ,5,26291
2021,Ngoại Ngữ,5.2,25049
2021,Ngoại Ngữ,5.4,23776
2021,Ngoại Ngữ,5.6,23123
2021,Ngoại Ngữ,5.8,22370
2021,Ngoại Ngữ,6,21523
2021,Ngoại Ngữ,6.2,20487
2021,Ngoại Ngữ,6.4,19800
2021,Ngoại Ngữ,6.6,19316
2021,Ngoại Ngữ,6.8,19051
2021,Ngoại Ngữ,7,18731
2021,Ngoại Ngữ,7.2,18856
2021,Ngoại Ngữ,7.4,18578
2021,Ngoại Ngữ,7.6,18874
2021,Ngoại Ngữ,7.8,19293
2021,Ngoại Ngữ,8,19696
2021,Ngoại Ngữ,8.2,20633
2021,Ngoại Ngữ,8.4,21541
2021,Ngoại Ngữ,8.6,22890
2021,Ngoại Ngữ,8.8,24159
2021,Ngoại Ngữ,9,24892
2021,Ngoại Ngữ,9.2,24673
2021,Ngoại Ngữ,9.4,22025
2021,Ngoại Ngữ,9.6,17018
2021,Ngoại Ngữ,9.8,10898
2021,Ngoại Ngữ,10,4599
2022,Toán,-0,3
2022,Toán,0.2,1
2022,Toán,0.4,3
2022,Toán,0.6,6
2022,Toán,0.8,42
2022,Toán,1,109
2022,Toán,1.2,260
2022,Toán,1.4,568
2022,Toán,1.6,1129
2022,Toán,1.8,1980
2022,Toán,2,3123
2022,Toán,2.2,4373
2022,Toán,2.4,5965
2022,Toán,2.6,7207
2022,Toán,2.8,8533
2022,Toán,3,9661
2022,Toán,3.2,10724
2022,Toán,3.4,11981
2022,Toán,3.6,13066
2022,Toán,3.8,14265
2022,Toán,4,15359
2022,Toán,4.2,16898
2022,Toán,4.4,18528
2022,Toán,4.6,20204
2022,Toán,4.8,22232
2022,Toán,5,23712
2022,Toán,5.2,25704
2022,Toán,5.4,27651
2022,Toán,5.6,29634
2022,Toán,5.8,31292
2022,Toán,6,33409
2022,Toán,6.2,35357
2022,Toán,6.4,37964
2022,Toán,6.6,40132
2022,Toán,6.8,42732
2022,Toán,7,45808
2022,Toán,7.2,48716
2022,Toán,7.4,51490
2022,Toán,7.6,53693
2022,Toán,7.8,54495
2022,Toán,8,52273
2022,Toán,8.2,48222
2022,Toán,8.4,40654
2022,Toán,8.6,31021
2022,Toán,8.8,20796
2022,Toán,9,12095
2022,Toán,9.2,5915
2022,Toán,9.4,2540
2022,Toán,9.6,926
2022,Toán,9.8,240
2022,Toán,10,35
2022,Lý,-0,10
2022,Lý,0.25,0
2022,Lý,0.5,0
2022,Lý,0.75,1
2022,Lý,1,11
2022,Lý,1.25,24
2022,Lý,1.5,71
2022,Lý,1.75,138
2022,Lý,2,241
2022,Lý,2.25,388
2022,Lý,2.5,645
2022,Lý,2.75,1029
2022,Lý,3,1526
2022,Lý,3.25,2031
2022,Lý,3.5,2818
2022,Lý,3.75,3581
2022,Lý,4,4613
2022,Lý,4.25,5661
2022,Lý,4.5,7005
2022,Lý,4.75,8252
2022,Lý,5,9549
2022,Lý,5.25,11160
2022,Lý,5.5,12696
2022,Lý,5.75,14556
2022,Lý,6,16355
2022,Lý,6.25,17962
2022,Lý,6.5,19475
2022,Lý,6.75,21240
2022,Lý,7,22546
2022,Lý,7.25,23162
2022,Lý,7.5,22883
2022,Lý,7.75,21849
2022,Lý,8,19664
2022,Lý,8.25,16373
2022,Lý,8.5,13432
2022,Lý,8.75,10232
2022,Lý,9,7192
2022,Lý,9.25,4278
2022,Lý,9.5,2012
2022,Lý,9.75,708
2022,Lý,10,154
2022,Hóa,-0,9
2022,Hóa,0.25,2
2022,Hóa,0.5,1
2022,Hóa,0.75,8
2022,Hóa,1,20
2022,Hóa,1.25,51
2022,Hóa,1.5,125
2022,Hóa,1.75,202
2022,Hóa,2,460
2022,Hóa,2.25,763
2022,Hóa,2.5,1187
2022,Hóa,2.75,1639
2022,Hóa,3,2272
2022,Hóa,3.25,3106
2022,Hóa,3.5,3981
2022,Hóa,3.75,5042
2022,Hóa,4,6069
2022,Hóa,4.25,7235
2022,Hóa,4.5,8422
2022,Hóa,4.75,9303
2022,Hóa,5,10275
2022,Hóa,5.25,11052
2022,Hóa,5.5,12206
2022,Hóa,5.75,12942
2022,Hóa,6,13577
2022,Hóa,6.25,14532
2022,Hóa,6.5,15582
2022,Hóa,6.75,16631
2022,Hóa,7,17935
2022,Hóa,7.25,19035
2022,Hóa,7.5,20429
2022,Hóa,7.75,22028
2022,Hóa,8,22800
2022,Hóa,8.25,21818
2022,Hóa,8.5,18092
2022,Hóa,8.75,12868
2022,Hóa,9,8061
2022,Hóa,9.25,4440
2022,Hóa,9.5,2180
2022,Hóa,9.75,829
2022,Hóa,10,158
2022,Sinh,-0,36
2022,Sinh,0.25,0
2022,Sinh,0.5,5
2022,Sinh,0.75,6
2022,Sinh,1,45
2022,Sinh,1.25,80
2022,Sinh,1.5,244
2022,Sinh,1.75,560
2022,Sinh,2,1191
2022,Sinh,2.25,2193
2022,Sinh,2.5,3995
2022,Sinh,2.75,6188
2022,Sinh,3,9198
2022,Sinh,3.25,12549
2022,Sinh,3.5,16010
2022,Sinh,3.75,19296
2022,Sinh,4,21628
2022,Sinh,4.25,22942
2022,Sinh,4.5,24004
2022,Sinh,4.75,23470
2022,Sinh,5,22360
2022,Sinh,5.25,20200
2022,Sinh,5.5,18423
2022,Sinh,5.75,16094
2022,Sinh,6,13956
2022,Sinh,6.25,11701
2022,Sinh,6.5,9799
2022,Sinh,6.75,8466
2022,Sinh,7,7063
2022,Sinh,7.25,5942
2022,Sinh,7.5,5159
2022,Sinh,7.75,4606
2022,Sinh,8,4062
2022,Sinh,8.25,3566
2022,Sinh,8.5,2906
2022,Sinh,8.75,2096
2022,Sinh,9,1243
2022,Sinh,9.25,622
2022,Sinh,9.5,235
2022,Sinh,9.75,54
2022,Sinh,10,5
2022,Văn,-0,38
2022,Văn,0.25,12
2022,Văn,0.5,51
2022,Văn,0.75,65
2022,Văn,1,28
2022,Văn,1.25,395
2022,Văn,1.5,610
2022,Văn,1.75,695
2022,Văn,2,1265
2022,Văn,2.25,1519
2022,Văn,2.5,2262
2022,Văn,2.75,2918
2022,Văn,3,4821
2022,Văn,3.25,5572
2022,Văn,3.5,8249
2022,Văn,3.75,10129
2022,Văn,4,14806
2022,Văn,4.25,16107
2022,Văn,4.5,22366
2022,Văn,4.75,22097
2022,Văn,5,42358
2022,Văn,5.25,38651
2022,Văn,5.5,50673
2022,Văn,5.75,51755
2022,Văn,6,67892
2022,Văn,6.25,62638
2022,Văn,6.5,73565
2022,Văn,6.75,65215
2022,Văn,7,74981
2022,Văn,7.25,58003
2022,Văn,7.5,63962
2022,Văn,7.75,51141
2022,Văn,8,52272
2022,Văn,8.25,35652
2022,Văn,8.5,32745
2022,Văn,8.75,21745
2022,Văn,9,15557
2022,Văn,9.25,6094
2022,Văn,9.5,2326
2022,Văn,9.75,172
2022,Văn,10,5
2022,Địa,-0,21
2022,Địa,0.25,3
2022,Địa,0.5,3
2022,Địa,0.75,7
2022,Địa,1,4
2022,Địa,1.25,10
2022,Địa,1.5,36
2022,Địa,1.75,75
2022,Địa,2,135
2022,Địa,2.25,210
2022,Địa,2.5,405
2022,Địa,2.75,610
2022,Địa,3,867
2022,Địa,3.25,1413
2022,Địa,3.5,2194
2022,Địa,3.75,3350
2022,Địa,4,5062
2022,Địa,4.25,7546
2022,Địa,4.5,10907
2022,Địa,4.75,15127
2022,Địa,5,20364
2022,Địa,5.25,26111
2022,Địa,5.5,32256
2022,Địa,5.75,38481
2022,Địa,6,44464
2022,Địa,6.25,48253
2022,Địa,6.5,50888
2022,Địa,6.75,52272
2022,Địa,7,52448
2022,Địa,7.25,49164
2022,Địa,7.5,45213
2022,Địa,7.75,39556
2022,Địa,8,33014
2022,Địa,8.25,26025
2022,Địa,8.5,19697
2022,Địa,8.75,13878
2022,Địa,9,8784
2022,Địa,9.25,5223
2022,Địa,9.5,2394
2022,Địa,9.75,788
2022,Địa,10,163
2022,Sử,-0,2
2022,Sử,0.25,4
2022,Sử,0.5,2
2022,Sử,0.75,14
2022,Sử,1,58
2022,Sử,1.25,108
2022,Sử,1.5,259
2022,Sử,1.75,579
2022,Sử,2,1154
2022,Sử,2.25,1929
2022,Sử,2.5,3235
2022,Sử,2.75,4690
2022,Sử,3,6456
2022,Sử,3.25,8329
2022,Sử,3.5,10685
2022,Sử,3.75,12913
2022,Sử,4,15610
2022,Sử,4.25,17953
2022,Sử,4.5,20593
2022,Sử,4.75,22979
2022,Sử,5,25896
2022,Sử,5.25,28554
2022,Sử,5.5,30961
2022,Sử,5.75,33304
2022,Sử,6,35161
2022,Sử,6.25,36931
2022,Sử,6.5,38602
2022,Sử,6.75,38565
2022,Sử,7,38718
2022,Sử,7.25,37785
2022,Sử,7.5,35358
2022,Sử,7.75,32674
2022,Sử,8,28576
2022,Sử,8.25,24257
2022,Sử,8.5,19968
2022,Sử,8.75,15598
2022,Sử,9,11742
2022,Sử,9.25,8343
2022,Sử,9.5,5572
2022,Sử,9.75,3766
2022,Sử,10,1779
2022,GDCD,-0,25
2022,GDCD,0.25,0
2022,GDCD,0.5,0
2022,GDCD,0.75,0
2022,GDCD,1,3
2022,GDCD,1.25,4
2022,GDCD,1.5,8
2022,GDCD,1.75,23
2022,GDCD,2,31
2022,GDCD,2.25,36
2022,GDCD,2.5,61
2022,GDCD,2.75,90
2022,GDCD,3,153
2022,GDCD,3.25,227
2022,GDCD,3.5,270
2022,GDCD,3.75,395
2022,GDCD,4,613
2022,GDCD,4.25,830
2022,GDCD,4.5,1216
2022,GDCD,4.75,1736
2022,GDCD,5,2417
2022,GDCD,5.25,3237
2022,GDCD,5.5,4531
2022,GDCD,5.75,6331
2022,GDCD,6,8240
2022,GDCD,6.25,11174
2022,GDCD,6.5,14814
2022,GDCD,6.75,19062
2022,GDCD,7,24029
2022,GDCD,7.25,30504
2022,GDCD,7.5,37262
2022,GDCD,7.75,44159
2022,GDCD,8,50854
2022,GDCD,8.25,55320
2022,GDCD,8.5,57508
2022,GDCD,8.75,55193
2022,GDCD,9,48229
2022,GDCD,9.25,37779
2022,GDCD,9.5,23731
2022,GDCD,9.75,11412
2022,GDCD,10,2836
2022,Ngoại Ngữ,-0,8
2022,Ngoại Ngữ,0.2,0
2022,Ngoại Ngữ,0.4,4
2022,Ngoại Ngữ,0.6,23
2022,Ngoại Ngữ,0.8,112
2022,Ngoại Ngữ,1,271
2022,Ngoại Ngữ,1.2,679
2022,Ngoại Ngữ,1.4,1374
2022,Ngoại Ngữ,1.6,2928
2022,Ngoại Ngữ,1.8,5114
2022,Ngoại Ngữ,2,8278
2022,Ngoại Ngữ,2.2,12263
2022,Ngoại Ngữ,2.4,16824
2022,Ngoại Ngữ,2.6,21618
2022,Ngoại Ngữ,2.8,26131
2022,Ngoại Ngữ,3,30244
2022,Ngoại Ngữ,3.2,33381
2022,Ngoại Ngữ,3.4,35688
2022,Ngoại Ngữ,3.6,36953
2022,Ngoại Ngữ,3.8,38129
2022,Ngoại Ngữ,4,37943
2022,Ngoại Ngữ,4.2,36657
2022,Ngoại Ngữ,4.4,36018
2022,Ngoại Ngữ,4.6,34109
2022,Ngoại Ngữ,4.8,32649
2022,Ngoại Ngữ,5,30770
2022,Ngoại Ngữ,5.2,29151
2022,Ngoại Ngữ,5.4,27345
2022,Ngoại Ngữ,5.6,25539
2022,Ngoại Ngữ,5.8,23957
2022,Ngoại Ngữ,6,22510
2022,Ngoại Ngữ,6.2,21299
2022,Ngoại Ngữ,6.4,19849
2022,Ngoại Ngữ,6.6,19089
2022,Ngoại Ngữ,6.8,18156
2022,Ngoại Ngữ,7,17216
2022,Ngoại Ngữ,7.2,16405
2022,Ngoại Ngữ,7.4,15917
2022,Ngoại Ngữ,7.6,15477
2022,Ngoại Ngữ,7.8,15274
2022,Ngoại Ngữ,8,14852
2022,Ngoại Ngữ,8.2,14677
2022,Ngoại Ngữ,8.4,14363
2022,Ngoại Ngữ,8.6,13848
2022,Ngoại Ngữ,8.8,12832
2022,Ngoại Ngữ,9,11310
2022,Ngoại Ngữ,9.2,9288
2022,Ngoại Ngữ,9.4,6987
2022,Ngoại Ngữ,9.6,4395
2022,Ngoại Ngữ,9.8,2150
2022,Ngoại Ngữ,10,555
2023,Toán,-0,2
2023,Toán,0.2,1
2023,Toán,0.4,2
2023,Toán,0.6,4
2023,Toán,0.8,32
2023,Toán,1,82
2023,Toán,1.2,248
2023,Toán,1.4,539
2023,Toán,1.6,1055
2023,Toán,1.8,1928
2023,Toán,2,3084
2023,Toán,2.2,4498
2023,Toán,2.4,6266
2023,Toán,2.6,8310
2023,Toán,2.8,10049
2023,Toán,3,11499
2023,Toán,3.2,13224
2023,Toán,3.4,14581
2023,Toán,3.6,15839
2023,Toán,3.8,17023
2023,Toán,4,18705
2023,Toán,4.2,20121
2023,Toán,4.4,21769
2023,Toán,4.6,23146
2023,Toán,4.8,25087
2023,Toán,5,26667
2023,Toán,5.2,28490
2023,Toán,5.4,30648
2023,Toán,5.6,32351
2023,Toán,5.8,34652
2023,Toán,6,37100
2023,Toán,6.2,39299
2023,Toán,6.4,41586
2023,Toán,6.6,44705
2023,Toán,6.8,47231
2023,Toán,7,51245
2023,Toán,7.2,54069
2023,Toán,7.4,56130
2023,Toán,7.6,56640
2023,Toán,7.8,53308
2023,Toán,8,47380
2023,Toán,8.2,37744
2023,Toán,8.4,27537
2023,Toán,8.6,18534
2023,Toán,8.8,10923
2023,Toán,9,5850
2023,Toán,9.2,2672
2023,Toán,9.4,1080
2023,Toán,9.6,337
2023,Toán,9.8,89
2023,Toán,10,12
2023,Lý,-0,10
2023,Lý,0.25,1
2023,Lý,0.5,2
2023,Lý,0.75,2
2023,Lý,1,8
2023,Lý,1.25,15
2023,Lý,1.5,59
2023,Lý,1.75,130
2023,Lý,2,254
2023,Lý,2.25,429
2023,Lý,2.5,805
2023,Lý,2.75,1229
2023,Lý,3,1776
2023,Lý,3.25,2789
2023,Lý,3.5,3672
2023,Lý,3.75,4852
2023,Lý,4,6019
2023,Lý,4.25,7419
2023,Lý,4.5,8771
2023,Lý,4.75,10138
2023,Lý,5,11317
2023,Lý,5.25,12664
2023,Lý,5.5,13693
2023,Lý,5.75,15147
2023,Lý,6,16259
2023,Lý,6.25,17447
2023,Lý,6.5,18523
2023,Lý,6.75,19523
2023,Lý,7,20599
2023,Lý,7.25,21129
2023,Lý,7.5,21554
2023,Lý,7.75,21207
2023,Lý,8,19844
2023,Lý,8.25,17351
2023,Lý,8.5,13561
2023,Lý,8.75,9287
2023,Lý,9,5308
2023,Lý,9.25,2822
2023,Lý,9.5,1136
2023,Lý,9.75,368
2023,Lý,10,70
2023,Hóa,-0,3
2023,Hóa,0.25,0
2023,Hóa,0.5,0
2023,Hóa,0.75,1
2023,Hóa,1,10
2023,Hóa,1.25,25
2023,Hóa,1.5,78
2023,Hóa,1.75,149
2023,Hóa,2,280
2023,Hóa,2.25,439
2023,Hóa,2.5,721
2023,Hóa,2.75,1064
2023,Hóa,3,1663
2023,Hóa,3.25,2229
2023,Hóa,3.5,2981
2023,Hóa,3.75,3722
2023,Hóa,4,4750
2023,Hóa,4.25,5738
2023,Hóa,4.5,6699
2023,Hóa,4.75,7824
2023,Hóa,5,9071
2023,Hóa,5.25,10056
2023,Hóa,5.5,11680
2023,Hóa,5.75,13427
2023,Hóa,6,14936
2023,Hóa,6.25,17076
2023,Hóa,6.5,19137
2023,Hóa,6.75,21434
2023,Hóa,7,23451
2023,Hóa,7.25,24895
2023,Hóa,7.5,25487
2023,Hóa,7.75,24708
2023,Hóa,8,22206
2023,Hóa,8.25,18181
2023,Hóa,8.5,13589
2023,Hóa,8.75,9170
2023,Hóa,9,5622
2023,Hóa,9.25,3276
2023,Hóa,9.5,1610
2023,Hóa,9.75,593
2023,Hóa,10,137
2023,Sinh,-0,19
2023,Sinh,0.25,1
2023,Sinh,0.5,1
2023,Sinh,0.75,2
2023,Sinh,1,13
2023,Sinh,1.25,15
2023,Sinh,1.5,42
2023,Sinh,1.75,78
2023,Sinh,2,118
2023,Sinh,2.25,171
2023,Sinh,2.5,297
2023,Sinh,2.75,465
2023,Sinh,3,709
2023,Sinh,3.25,1077
2023,Sinh,3.5,1740
2023,Sinh,3.75,2527
2023,Sinh,4,3748
2023,Sinh,4.25,5306
2023,Sinh,4.5,7462
2023,Sinh,4.75,9963
2023,Sinh,5,13053
2023,Sinh,5.25,16145
2023,Sinh,5.5,19307
2023,Sinh,5.75,22602
2023,Sinh,6,25243
2023,Sinh,6.25,26677
2023,Sinh,6.5,27268
2023,Sinh,6.75,26755
2023,Sinh,7,24468
2023,Sinh,7.25,21946
2023,Sinh,7.5,18487
2023,Sinh,7.75,14606
2023,Sinh,8,11244
2023,Sinh,8.25,8048
2023,Sinh,8.5,5739
2023,Sinh,8.75,3832
2023,Sinh,9,2470
2023,Sinh,9.25,1526
2023,Sinh,9.5,888
2023,Sinh,9.75,432
2023,Sinh,10,135
2023,Văn,-0,24
2023,Văn,0.25,8
2023,Văn,0.5,19
2023,Văn,0.75,29
2023,Văn,1,12
2023,Văn,1.25,236
2023,Văn,1.5,322
2023,Văn,1.75,360
2023,Văn,2,701
2023,Văn,2.25,898
2023,Văn,2.5,1267
2023,Văn,2.75,1723
2023,Văn,3,2716
2023,Văn,3.25,3387
2023,Văn,3.5,5146
2023,Văn,3.75,6487
2023,Văn,4,9399
2023,Văn,4.25,10932
2023,Văn,4.5,14910
2023,Văn,4.75,15080
2023,Văn,5,30381
2023,Văn,5.25,29500
2023,Văn,5.5,40146
2023,Văn,5.75,44329
2023,Văn,6,59442
2023,Văn,6.25,59616
2023,Văn,6.5,72128
2023,Văn,6.75,68899
2023,Văn,7,79164
2023,Văn,7.25,67295
2023,Văn,7.5,73821
2023,Văn,7.75,63628
2023,Văn,8,67629
2023,Văn,8.25,50848
2023,Văn,8.5,48855
2023,Văn,8.75,35518
2023,Văn,9,26206
2023,Văn,9.25,12073
2023,Văn,9.5,4661
2023,Văn,9.75,443
2023,Văn,10,1
2023,Địa,-0,80
2023,Địa,0.25,0
2023,Địa,0.5,2
2023,Địa,0.75,10
2023,Địa,1,20
2023,Địa,1.25,35
2023,Địa,1.5,68
2023,Địa,1.75,151
2023,Địa,2,285
2023,Địa,2.25,514
2023,Địa,2.5,873
2023,Địa,2.75,1350
2023,Địa,3,2120
2023,Địa,3.25,3214
2023,Địa,3.5,4693
2023,Địa,3.75,7094
2023,Địa,4,10230
2023,Địa,4.25,14417
2023,Địa,4.5,19760
2023,Địa,4.75,26157
2023,Địa,5,33417
2023,Địa,5.25,41583
2023,Địa,5.5,49235
2023,Địa,5.75,55449
2023,Địa,6,59360
2023,Địa,6.25,60795
2023,Địa,6.5,58418
2023,Địa,6.75,53029
2023,Địa,7,45992
2023,Địa,7.25,37319
2023,Địa,7.5,29288
2023,Địa,7.75,21874
2023,Địa,8,15806
2023,Địa,8.25,11035
2023,Địa,8.5,7564
2023,Địa,8.75,4964
2023,Địa,9,3108
2023,Địa,9.25,1706
2023,Địa,9.5,825
2023,Địa,9.75,259
2023,Địa,10,35
2023,Sử,-0,5
2023,Sử,0.25,2
2023,Sử,0.5,2
2023,Sử,0.75,4
2023,Sử,1,25
2023,Sử,1.25,79
2023,Sử,1.5,153
2023,Sử,1.75,373
2023,Sử,2,769
2023,Sử,2.25,1516
2023,Sử,2.5,2630
2023,Sử,2.75,4257
2023,Sử,3,6693
2023,Sử,3.25,9785
2023,Sử,3.5,13436
2023,Sử,3.75,17448
2023,Sử,4,22203
2023,Sử,4.25,26527
2023,Sử,4.5,30462
2023,Sử,4.75,33868
2023,Sử,5,36301
2023,Sử,5.25,37987
2023,Sử,5.5,38921
2023,Sử,5.75,39085
2023,Sử,6,38903
2023,Sử,6.25,38519
2023,Sử,6.5,37167
2023,Sử,6.75,35826
2023,Sử,7,33971
2023,Sử,7.25,31691
2023,Sử,7.5,29288
2023,Sử,7.75,26220
2023,Sử,8,22820
2023,Sử,8.25,18967
2023,Sử,8.5,15018
2023,Sử,8.75,11590
2023,Sử,9,8267
2023,Sử,9.25,5776
2023,Sử,9.5,3827
2023,Sử,9.75,2277
2023,Sử,10,789
2023,GDCD,-0,22
2023,GDCD,0.25,1
2023,GDCD,0.5,0
2023,GDCD,0.75,1
2023,GDCD,1,2
2023,GDCD,1.25,6
2023,GDCD,1.5,8
2023,GDCD,1.75,17
2023,GDCD,2,31
2023,GDCD,2.25,35
2023,GDCD,2.5,59
2023,GDCD,2.75,99
2023,GDCD,3,125
2023,GDCD,3.25,196
2023,GDCD,3.5,293
2023,GDCD,3.75,431
2023,GDCD,4,622
2023,GDCD,4.25,766
2023,GDCD,4.5,1196
2023,GDCD,4.75,1582
2023,GDCD,5,2227
2023,GDCD,5.25,3035
2023,GDCD,5.5,4065
2023,GDCD,5.75,5391
2023,GDCD,6,7264
2023,GDCD,6.25,9510
2023,GDCD,6.5,12527
2023,GDCD,6.75,15781
2023,GDCD,7,20068
2023,GDCD,7.25,24845
2023,GDCD,7.5,29864
2023,GDCD,7.75,35477
2023,GDCD,8,40580
2023,GDCD,8.25,45798
2023,GDCD,8.5,49976
2023,GDCD,8.75,53083
2023,GDCD,9,54610
2023,GDCD,9.25,52498
2023,GDCD,9.5,45557
2023,GDCD,9.75,33111
2023,GDCD,10,14693
2023,Ngoại Ngữ,-0,6
2023,Ngoại Ngữ,0.2,1
2023,Ngoại Ngữ,0.4,0
2023,Ngoại Ngữ,0.6,12
2023,Ngoại Ngữ,0.8,38
2023,Ngoại Ngữ,1,135
2023,Ngoại Ngữ,1.2,363
2023,Ngoại Ngữ,1.4,1024
2023,Ngoại Ngữ,1.6,1968
2023,Ngoại Ngữ,1.8,3422
2023,Ngoại Ngữ,2,5874
2023,Ngoại Ngữ,2.2,8754
2023,Ngoại Ngữ,2.4,12449
2023,Ngoại Ngữ,2.6,16646
2023,Ngoại Ngữ,2.8,20794
2023,Ngoại Ngữ,3,24284
2023,Ngoại Ngữ,3.2,27456
2023,Ngoại Ngữ,3.4,30158
2023,Ngoại Ngữ,3.6,32472
2023,Ngoại Ngữ,3.8,34005
2023,Ngoại Ngữ,4,34469
2023,Ngoại Ngữ,4.2,35525
2023,Ngoại Ngữ,4.4,35085
2023,Ngoại Ngữ,4.6,34927
2023,Ngoại Ngữ,4.8,33826
2023,Ngoại Ngữ,5,32945
2023,Ngoại Ngữ,5.2,31195
2023,Ngoại Ngữ,5.4,29592
2023,Ngoại Ngữ,5.6,28010
2023,Ngoại Ngữ,5.8,26636
2023,Ngoại Ngữ,6,24870
2023,Ngoại Ngữ,6.2,23748
2023,Ngoại Ngữ,6.4,22229
2023,Ngoại Ngữ,6.6,21334
2023,Ngoại Ngữ,6.8,20413
2023,Ngoại Ngữ,7,19288
2023,Ngoại Ngữ,7.2,19131
2023,Ngoại Ngữ,7.4,18288
2023,Ngoại Ngữ,7.6,18102
2023,Ngoại Ngữ,7.8,17749
2023,Ngoại Ngữ,8,17401
2023,Ngoại Ngữ,8.2,17705
2023,Ngoại Ngữ,8.4,17211
2023,Ngoại Ngữ,8.6,17341
2023,Ngoại Ngữ,8.8,16744
2023,Ngoại Ngữ,9,15477
2023,Ngoại Ngữ,9.2,13482
2023,Ngoại Ngữ,9.4,9857
2023,Ngoại Ngữ,9.6,5648
2023,Ngoại Ngữ,9.8,2353
2023,Ngoại Ngữ,10,555
2024,Toán,-0,1
2024,Toán,0.2,0
2024,Toán,0.4,1
2024,Toán,0.6,5
2024,Toán,0.8,12
2024,Toán,1,43
2024,Toán,1.2,126
2024,Toán,1.4,278
2024,Toán,1.6,619
2024,Toán,1.8,1156
2024,Toán,2,1975
2024,Toán,2.2,2935
2024,Toán,2.4,4279
2024,Toán,2.6,5681
2024,Toán,2.8,7304
2024,Toán,3,8593
2024,Toán,3.2,10076
2024,Toán,3.4,11770
2024,Toán,3.6,13026
2024,Toán,3.8,14851
2024,Toán,4,16457
2024,Toán,4.2,17680
2024,Toán,4.4,19896
2024,Toán,4.6,21858
2024,Toán,4.8,24293
2024,Toán,5,26556
2024,Toán,5.2,28625
2024,Toán,5.4,31311
2024,Toán,5.6,34540
2024,Toán,5.8,37438
2024,Toán,6,40255
2024,Toán,6.2,43553
2024,Toán,6.4,46502
2024,Toán,6.6,49310
2024,Toán,6.8,51589
2024,Toán,7,53000
2024,Toán,7.2,54349
2024,Toán,7.4,55273
2024,Toán,7.6,56017
2024,Toán,7.8,55990
2024,Toán,8,54182
2024,Toán,8.2,48784
2024,Toán,8.4,39796
2024,Toán,8.6,27884
2024,Toán,8.8,16048
2024,Toán,9,7573
2024,Toán,9.2,2899
2024,Toán,9.4,962
2024,Toán,9.6,221
2024,Toán,9.8,43
2024,Toán,10,0
2024,Lý,-0,4
2024,Lý,0.25,1
2024,Lý,0.5,2
2024,Lý,0.75,11
2024,Lý,1,31
2024,Lý,1.25,57
2024,Lý,1.5,152
2024,Lý,1.75,356
2024,Lý,2,605
2024,Lý,2.25,1000
2024,Lý,2.5,1518
2024,Lý,2.75,2263
2024,Lý,3,2993
2024,Lý,3.25,3982
2024,Lý,3.5,4833
2024,Lý,3.75,5748
2024,Lý,4,6948
2024,Lý,4.25,7745
2024,Lý,4.5,8580
2024,Lý,4.75,9659
2024,Lý,5,10432
2024,Lý,5.25,11147
2024,Lý,5.5,11909
2024,Lý,5.75,12852
2024,Lý,6,13597
2024,Lý,6.25,14618
2024,Lý,6.5,15769
2024,Lý,6.75,17294
2024,Lý,7,19005
2024,Lý,7.25,21122
2024,Lý,7.5,22949
2024,Lý,7.75,24287
2024,Lý,8,24625
2024,Lý,8.25,22704
2024,Lý,8.5,18549
2024,Lý,8.75,13415
2024,Lý,9,8278
2024,Lý,9.25,4383
2024,Lý,9.5,1667
2024,Lý,9.75,470
2024,Lý,10,55
2024,Hóa,-0,11
2024,Hóa,0.25,2
2024,Hóa,0.5,0
2024,Hóa,0.75,0
2024,Hóa,1,4
2024,Hóa,1.25,21
2024,Hóa,1.5,65
2024,Hóa,1.75,152
2024,Hóa,2,333
2024,Hóa,2.25,542
2024,Hóa,2.5,944
2024,Hóa,2.75,1650
2024,Hóa,3,2326
2024,Hóa,3.25,3324
2024,Hóa,3.5,4542
2024,Hóa,3.75,5654
2024,Hóa,4,6741
2024,Hóa,4.25,8138
2024,Hóa,4.5,9369
2024,Hóa,4.75,10498
2024,Hóa,5,11816
2024,Hóa,5.25,12675
2024,Hóa,5.5,13481
2024,Hóa,5.75,14539
2024,Hóa,6,15217
2024,Hóa,6.25,15810
2024,Hóa,6.5,16760
2024,Hóa,6.75,17686
2024,Hóa,7,18481
2024,Hóa,7.25,19170
2024,Hóa,7.5,19970
2024,Hóa,7.75,20018
2024,Hóa,8,19425
2024,Hóa,8.25,18120
2024,Hóa,8.5,15749
2024,Hóa,8.75,12974
2024,Hóa,9,10022
2024,Hóa,9.25,7163
2024,Hóa,9.5,4783
2024,Hóa,9.75,2739
2024,Hóa,10,1271
2024,Sinh,-0,35
2024,Sinh,0.25,0
2024,Sinh,0.5,1
2024,Sinh,0.75,2
2024,Sinh,1,11
2024,Sinh,1.25,15
2024,Sinh,1.5,38
2024,Sinh,1.75,75
2024,Sinh,2,134
2024,Sinh,2.25,221
2024,Sinh,2.5,357
2024,Sinh,2.75,597
2024,Sinh,3,898
2024,Sinh,3.25,1489
2024,Sinh,3.5,2257
2024,Sinh,3.75,3498
2024,Sinh,4,5491
2024,Sinh,4.25,7544
2024,Sinh,4.5,10205
2024,Sinh,4.75,13000
2024,Sinh,5,16114
2024,Sinh,5.25,18721
2024,Sinh,5.5,21363
2024,Sinh,5.75,23825
2024,Sinh,6,25170
2024,Sinh,6.25,25969
2024,Sinh,6.5,26129
2024,Sinh,6.75,25176
2024,Sinh,7,23773
2024,Sinh,7.25,21545
2024,Sinh,7.5,18754
2024,Sinh,7.75,15533
2024,Sinh,8,12398
2024,Sinh,8.25,8857
2024,Sinh,8.5,5967
2024,Sinh,8.75,3591
2024,Sinh,9,1930
2024,Sinh,9.25,1045
2024,Sinh,9.5,446
2024,Sinh,9.75,170
2024,Sinh,10,34
2024,Văn,-0,20
2024,Văn,0.25,10
2024,Văn,0.5,11
2024,Văn,0.75,11
2024,Văn,1,7
2024,Văn,1.25,187
2024,Văn,1.5,319
2024,Văn,1.75,372
2024,Văn,2,659
2024,Văn,2.25,757
2024,Văn,2.5,1184
2024,Văn,2.75,1507
2024,Văn,3,2197
2024,Văn,3.25,2603
2024,Văn,3.5,3695
2024,Văn,3.75,4511
2024,Văn,4,6976
2024,Văn,4.25,7616
2024,Văn,4.5,10478
2024,Văn,4.75,10074
2024,Văn,5,22817
2024,Văn,5.25,21252
2024,Văn,5.5,29023
2024,Văn,5.75,32821
2024,Văn,6,45266
2024,Văn,6.25,47001
2024,Văn,6.5,59824
2024,Văn,6.75,60730
2024,Văn,7,75289
2024,Văn,7.25,68695
2024,Văn,7.5,80382
2024,Văn,7.75,75930
2024,Văn,8,85965
2024,Văn,8.25,70499
2024,Văn,8.5,72248
2024,Văn,8.75,57115
2024,Văn,9,49253
2024,Văn,9.25,26758
2024,Văn,9.5,14197
2024,Văn,9.75,1843
2024,Văn,10,2
2024,Địa,-0,59
2024,Địa,0.25,2
2024,Địa,0.5,1
2024,Địa,0.75,2
2024,Địa,1,13
2024,Địa,1.25,24
2024,Địa,1.5,52
2024,Địa,1.75,75
2024,Địa,2,141
2024,Địa,2.25,249
2024,Địa,2.5,374
2024,Địa,2.75,587
2024,Địa,3,878
2024,Địa,3.25,1211
2024,Địa,3.5,1764
2024,Địa,3.75,2423
2024,Địa,4,3304
2024,Địa,4.25,4558
2024,Địa,4.5,6373
2024,Địa,4.75,8658
2024,Địa,5,11616
2024,Địa,5.25,15404
2024,Địa,5.5,20212
2024,Địa,5.75,26101
2024,Địa,6,32569
2024,Địa,6.25,38599
2024,Địa,6.5,44920
2024,Địa,6.75,50251
2024,Địa,7,53350
2024,Địa,7.25,55594
2024,Địa,7.5,54671
2024,Địa,7.75,52133
2024,Địa,8,47364
2024,Địa,8.25,41703
2024,Địa,8.5,35562
2024,Địa,8.75,29067
2024,Địa,9,23266
2024,Địa,9.25,18112
2024,Địa,9.5,12621
2024,Địa,9.75,7647
2024,Địa,10,3175
2024,Sử,-0,6
2024,Sử,0.25,0
2024,Sử,0.5,2
2024,Sử,0.75,4
2024,Sử,1,8
2024,Sử,1.25,32
2024,Sử,1.5,55
2024,Sử,1.75,139
2024,Sử,2,312
2024,Sử,2.25,550
2024,Sử,2.5,936
2024,Sử,2.75,1688
2024,Sử,3,2624
2024,Sử,3.25,4134
2024,Sử,3.5,5890
2024,Sử,3.75,8333
2024,Sử,4,11241
2024,Sử,4.25,14801
2024,Sử,4.5,18562
2024,Sử,4.75,22790
2024,Sử,5,27004
2024,Sử,5.25,31628
2024,Sử,5.5,35434
2024,Sử,5.75,38932
2024,Sử,6,42223
2024,Sử,6.25,44411
2024,Sử,6.5,46091
2024,Sử,6.75,46238
2024,Sử,7,45469
2024,Sử,7.25,43066
2024,Sử,7.5,39378
2024,Sử,7.75,35701
2024,Sử,8,31363
2024,Sử,8.25,26577
2024,Sử,8.5,21979
2024,Sử,8.75,17729
2024,Sử,9,14176
2024,Sử,9.25,11038
2024,Sử,9.5,8154
2024,Sử,9.75,5411
2024,Sử,10,2108
2024,GDCD,-0,23
2024,GDCD,0.25,0
2024,GDCD,0.5,0
2024,GDCD,0.75,0
2024,GDCD,1,1
2024,GDCD,1.25,5
2024,GDCD,1.5,8
2024,GDCD,1.75,23
2024,GDCD,2,26
2024,GDCD,2.25,48
2024,GDCD,2.5,54
2024,GDCD,2.75,70
2024,GDCD,3,108
2024,GDCD,3.25,158
2024,GDCD,3.5,226
2024,GDCD,3.75,311
2024,GDCD,4,474
2024,GDCD,4.25,682
2024,GDCD,4.5,979
2024,GDCD,4.75,1323
2024,GDCD,5,1885
2024,GDCD,5.25,2627
2024,GDCD,5.5,3712
2024,GDCD,5.75,5204
2024,GDCD,6,7143
2024,GDCD,6.25,10047
2024,GDCD,6.5,13537
2024,GDCD,6.75,17935
2024,GDCD,7,23295
2024,GDCD,7.25,29574
2024,GDCD,7.5,36595
2024,GDCD,7.75,43315
2024,GDCD,8,50689
2024,GDCD,8.25,55888
2024,GDCD,8.5,59084
2024,GDCD,8.75,60143
2024,GDCD,9,56721
2024,GDCD,9.25,48214
2024,GDCD,9.5,33591
2024,GDCD,9.75,16232
2024,GDCD,10,3661
2024,Ngoại Ngữ,-0,3
2024,Ngoại Ngữ,0.2,0
2024,Ngoại Ngữ,0.4,1
2024,Ngoại Ngữ,0.6,8
2024,Ngoại Ngữ,0.8,31
2024,Ngoại Ngữ,1,90
2024,Ngoại Ngữ,1.2,268
2024,Ngoại Ngữ,1.4,728
2024,Ngoại Ngữ,1.6,1510
2024,Ngoại Ngữ,1.8,2693
2024,Ngoại Ngữ,2,4670
2024,Ngoại Ngữ,2.2,7081
2024,Ngoại Ngữ,2.4,9953
2024,Ngoại Ngữ,2.6,13534
2024,Ngoại Ngữ,2.8,17019
2024,Ngoại Ngữ,3,20510
2024,Ngoại Ngữ,3.2,24116
2024,Ngoại Ngữ,3.4,27131
2024,Ngoại Ngữ,3.6,30217
2024,Ngoại Ngữ,3.8,32576
2024,Ngoại Ngữ,4,35142
2024,Ngoại Ngữ,4.2,37144
2024,Ngoại Ngữ,4.4,38660
2024,Ngoại Ngữ,4.6,38946
2024,Ngoại Ngữ,4.8,38767
2024,Ngoại Ngữ,5,37812
2024,Ngoại Ngữ,5.2,36040
2024,Ngoại Ngữ,5.4,34089
2024,Ngoại Ngữ,5.6,31740
2024,Ngoại Ngữ,5.8,29668
2024,Ngoại Ngữ,6,27553
2024,Ngoại Ngữ,6.2,25465
2024,Ngoại Ngữ,6.4,23687
2024,Ngoại Ngữ,6.6,22012
2024,Ngoại Ngữ,6.8,21174
2024,Ngoại Ngữ,7,20156
2024,Ngoại Ngữ,7.2,19710
2024,Ngoại Ngữ,7.4,19089
2024,Ngoại Ngữ,7.6,19293
2024,Ngoại Ngữ,7.8,19314
2024,Ngoại Ngữ,8,19583
2024,Ngoại Ngữ,8.2,19394
2024,Ngoại Ngữ,8.4,19031
2024,Ngoại Ngữ,8.6,18274
2024,Ngoại Ngữ,8.8,16459
2024,Ngoại Ngữ,9,13869
2024,Ngoại Ngữ,9.2,10529
2024,Ngoại Ngữ,9.4,7742
2024,Ngoại Ngữ,9.6,4943
2024,Ngoại Ngữ,9.8,2298
2024,Ngoại Ngữ,10,644
